Zhuling_1280x720.yuv, SlcMd, SlcNum, PicW, PicH, ThrdNum, AllocSize, FreeSize, LeakSize, FPS
Zhuling_1280x720.yuv, 0, 1, 1280, 720, 1, 18678571, 18678571, 0, 442.094809
Zhuling_1280x720.yuv, 0, 1, 1280, 720, 2, 18678571, 18678571, 0, 434.554425
Zhuling_1280x720.yuv, 0, 1, 1280, 720, 3, 18678571, 18678571, 0, 442.274417
Zhuling_1280x720.yuv, 0, 1, 1280, 720, 4, 18678571, 18678571, 0, 442.699524
Zhuling_1280x720.yuv, 1, 4, 1280, 720, 1, 18722467, 18722467, 0, 436.038456
Zhuling_1280x720.yuv, 1, 4, 1280, 720, 2, 18722467, 18722467, 0, 435.885593
Zhuling_1280x720.yuv, 1, 4, 1280, 720, 3, 18722467, 18722467, 0, 435.609856
Zhuling_1280x720.yuv, 1, 4, 1280, 720, 4, 18722467, 18722467, 0, 433.854724
Zhuling_1280x720.yuv, 2, 4, 1280, 720, 1, 18693203, 18693203, 0, 432.074947
Zhuling_1280x720.yuv, 2, 4, 1280, 720, 2, 18693203, 18693203, 0, 433.090029
Zhuling_1280x720.yuv, 2, 4, 1280, 720, 3, 18693203, 18693203, 0, 442.748571
Zhuling_1280x720.yuv, 2, 4, 1280, 720, 4, 18693203, 18693203, 0, 441.020028
Zhuling_1280x720.yuv, 3, 0, 1280, 720, 1, 19176296, 19176296, 0, 428.181081
Zhuling_1280x720.yuv, 3, 0, 1280, 720, 2, 19176296, 19176296, 0, 434.621796
Zhuling_1280x720.yuv, 3, 0, 1280, 720, 3, 19176296, 19176296, 0, 432.514550
Zhuling_1280x720.yuv, 3, 0, 1280, 720, 4, 19176296, 19176296, 0, 427.773612
