Zhuling_1280x720.yuv, SlcMd, SlcNum, PicW, PicH, ThrdNum, AllocSize, FreeSize, LeakSize, FPS
Zhuling_1280x720.yuv, 0, 1, 1280, 720, 1, 18678571, 18678571, 0, 430.785806
Zhuling_1280x720.yuv, 0, 1, 1280, 720, 2, 18678571, 18678571, 0, 442.792216
Zhuling_1280x720.yuv, 0, 1, 1280, 720, 3, 18678571, 18678571, 0, 445.819442
Zhuling_1280x720.yuv, 0, 1, 1280, 720, 4, 18678571, 18678571, 0, 444.148757
Zhuling_1280x720.yuv, 1, 4, 1280, 720, 1, 18722467, 18722467, 0, 440.114043
Zhuling_1280x720.yuv, 1, 4, 1280, 720, 2, 18722467, 18722467, 0, 440.479741
Zhuling_1280x720.yuv, 1, 4, 1280, 720, 3, 18722467, 18722467, 0, 433.439702
Zhuling_1280x720.yuv, 1, 4, 1280, 720, 4, 18722467, 18722467, 0, 442.740549
Zhuling_1280x720.yuv, 2, 4, 1280, 720, 1, 18693203, 18693203, 0, 391.623146
Zhuling_1280x720.yuv, 2, 4, 1280, 720, 2, 18693203, 18693203, 0, 413.077244
Zhuling_1280x720.yuv, 2, 4, 1280, 720, 3, 18693203, 18693203, 0, 386.738695
Zhuling_1280x720.yuv, 2, 4, 1280, 720, 4, 18693203, 18693203, 0, 438.863975
Zhuling_1280x720.yuv, 3, 0, 1280, 720, 1, 19176296, 19176296, 0, 424.228930
Zhuling_1280x720.yuv, 3, 0, 1280, 720, 2, 19176296, 19176296, 0, 387.522815
Zhuling_1280x720.yuv, 3, 0, 1280, 720, 3, 19176296, 19176296, 0, 413.062856
Zhuling_1280x720.yuv, 3, 0, 1280, 720, 4, 19176296, 19176296, 0, 412.505145
