Zhuling_1280x720.yuv, SlcMd, SlcNum, PicW, PicH, ThrdNum, AllocSize, FreeSize, LeakSize, FPS
Zhuling_1280x720.yuv, 0, 1, 1280, 720, 1, 18671553, 18671553, 0, 436.358800
Zhuling_1280x720.yuv, 0, 1, 1280, 720, 2, 18671553, 18671553, 0, 439.499136
Zhuling_1280x720.yuv, 0, 1, 1280, 720, 3, 18671553, 18671553, 0, 440.325952
Zhuling_1280x720.yuv, 0, 1, 1280, 720, 4, 18671553, 18671553, 0, 447.450281
Zhuling_1280x720.yuv, 1, 4, 1280, 720, 1, 18693753, 18693753, 0, 436.942425
Zhuling_1280x720.yuv, 1, 4, 1280, 720, 2, 18693753, 18693753, 0, 435.422955
Zhuling_1280x720.yuv, 1, 4, 1280, 720, 3, 18693753, 18693753, 0, 441.307800
Zhuling_1280x720.yuv, 1, 4, 1280, 720, 4, 18693753, 18693753, 0, 441.476986
Zhuling_1280x720.yuv, 2, 4, 1280, 720, 1, 18678953, 18678953, 0, 438.161282
Zhuling_1280x720.yuv, 2, 4, 1280, 720, 2, 18678953, 18678953, 0, 433.514583
Zhuling_1280x720.yuv, 2, 4, 1280, 720, 3, 18678953, 18678953, 0, 434.731737
Zhuling_1280x720.yuv, 2, 4, 1280, 720, 4, 18678953, 18678953, 0, 439.699737
Zhuling_1280x720.yuv, 3, 0, 1280, 720, 1, 18923153, 18923153, 0, 428.799449
Zhuling_1280x720.yuv, 3, 0, 1280, 720, 2, 18923153, 18923153, 0, 436.772067
Zhuling_1280x720.yuv, 3, 0, 1280, 720, 3, 18923153, 18923153, 0, 442.980287
Zhuling_1280x720.yuv, 3, 0, 1280, 720, 4, 18923153, 18923153, 0, 441.818357
